"Tool Name","Layer","One-Line Pitch","Key Features","Pricing Model","Target Audience","Radar Status","Website URL","AI Summary","Lifecycle"
"LangGraph","Orchestration","Stateful, multi-agent orchestration built on LangChain","Cycles, Checkpointing, Human-in-the-loop, Fine-grained control","Open Source","Developers, ML Engineers","Core","https://langchain-ai.github.io/langgraph/","A specialized extension of LangChain designed for creating cyclic graphs, essential for sophisticated agentic workflows.","Use"
"PydanticAI","Agentic","Python-agent framework leveraging Pydantic for strict typing","Type safety, Tool calling, Model agnostic, Structured output","Open Source","Python Developers","Rising","https://pydantic-ai.com/","Built by the Pydantic team, this framework focuses on developer experience and reliability through strict schema validation.","Evaluate"
"AutoGen (AG2)","Agentic","Framework for building multi-agent systems that converse","Conversational patterns, Human-in-the-loop, Customizable agents","Open Source","AI Researchers, Developers","Core","https://microsoft.github.io/autogen/","A pioneer in multi-agent systems, enabling complex task solving through autonomous agent conversations.","Use"
"Camel","Agentic","Role-playing autonomous agents for communicative tasks","Role-playing, Task-oriented, Multi-agent communication","Open Source","Researchers, Developers","Experimental","https://www.camel-ai.org/","Introduces a communicative agent framework for 'mind' simulation and collaborative problem solving.","Caution"
"Bee Agent Framework","Agentic","IBM's open-source framework for building robust agents","Scalability, Governance, Integration with IBM ecosystem","Open Source","Enterprise Developers","Rising","https://i-am-bee.github.io/bee-agent-framework/","Designed for production-ready agents with a focus on governance and enterprise-grade reliability.","Evaluate"
"Fixie.ai","Orchestration","Platform for building sidekicks and autonomous agents","Real-time, Tool routing, Managed infrastructure","Usage-based","Product Teams","Rising","https://fixie.ai","Provides a cloud-native environment for deploying agents that can interact with APIs and internal data.","Evaluate"
"Haystack","Orchestration","End-to-end framework for building LLM applications","Modular components, RAG, Agentic components","Open Source","Search Engineers, NLP Developers","Core","https://haystack.deepset.ai/","While a general LLM framework, its recent updates introduce powerful agentic branching and reasoning capabilities.","Use"
"CrewAI","Agentic","Role-based multi-agent orchestration for collaborative tasks","Process management, Role assignment, Collaborative task execution","Open Source / Managed","Developers, Task-oriented teams","Core","https://crewai.com","One of the most popular multi-agent frameworks, focusing on 'crews' of agents working together like a team.","Use"
"Microsoft Agent Framework","Orchestration","High-level framework for building and scaling AI agents","Azure integration, Security, Multi-modal support","Proprietary","Enterprise Developers","Core","https://azure.microsoft.com","Microsoft's enterprise offering for deploying agents within the Azure ecosystem with built-in security.","Integrate"
"SuperAGI","Agentic","Open-source autonomous AI agent framework","Agent provisioning, Vector store integration, Tool library","Open Source","Indie Hackers, Developers","Experimental","https://superagi.com","An infrastructure-heavy framework for running, managing, and monitoring long-running autonomous agents.","Caution"
"MultiOn","Agentic","Personal AI agent that can browse the web and act","Web navigation, Form filling, Autonomous browsing","Subscription","Power Users, Developers","Core","https://www.multion.ai/","An agent platform specifically designed to interact with the world through a web browser.","Use"
"MetaGPT","Agentic","Multi-agent framework that mimics a software company","SOPs, Role-based workflows, Automated documentation","Open Source","Software Architects","Rising","https://github.com/geekan/MetaGPT","Assigns roles like Product Manager and Architect to agents to automate the software development lifecycle.","Evaluate"
"OpenDevin","Agentic","Open-source software engineer agent","Coding, Terminal access, Environment management","Open Source","Developers","Rising","https://github.com/OpenDevin/OpenDevin","A community-led effort to build a free, autonomous AI software engineer capable of complex refactoring.","Evaluate"
"Relevance AI","Agentic","Low-code platform for building and scaling AI agents","Visual builder, Multi-agent workflows, API integrations","SaaS / Consumption","Operations, Business Analysts","Core","https://relevanceai.com","Enables teams to build custom AI agents that perform repetitive business tasks with a visual interface.","Use"
"FlowHunt","Agentic","Visual builder for AI agents and workflows","Drag-and-drop, Model agnostic, Custom tools","Freemium","No-code builders, SMBs","Experimental","https://flowhunt.io","A user-friendly visual canvas for connecting LLMs to various tools and creating automated agents.","Caution"
"n8n","Orchestration","Workflow automation with built-in AI agent nodes","Node-based editing, Self-hosted, Extensive integrations","Fair-code / Enterprise","Automation Engineers, IT","Core","https://n8n.io","A powerful workflow tool that has expanded into the AI space with specific nodes for agents and tool-calling.","Use"
"Zapier Central","Agentic","Platform to build AI agents that work across 6000+ apps","No-code, Deep Zapier integration, Natural language training","SaaS","Business Users","Rising","https://zapier.com/central","Allows users to teach bots how to act across their entire software stack using plain English.","Evaluate"
"MindOS","Agentic","Marketplace and builder for personalized AI agents","Custom personalities, Knowledge injection, Memory","Freemium","Creators, Personal Productivity","Rising","https://mindos.com","Focuses on 'digital beings' with distinct personalities and memory for consistent long-term interaction.","Evaluate"
"Dify","Orchestration","Open-source LLM app development platform","Workflow orchestration, RAG pipeline, Model management","Open Source / Cloud","App Developers","Core","https://dify.ai","A comprehensive platform that bridges the gap between raw LLMs and finished agentic applications.","Use"
"Voiceflow","Agentic","Platform for building AI agents and chat interfaces","Conversation design, Prototyping, Real-time collaboration","Freemium / Enterprise","UX Designers, Product Teams","Core","https://voiceflow.com","Originally for voice, it is now a leading platform for designing and deploying complex agentic chat experiences.","Use"
"Stack AI","Orchestration","No-code interface for building enterprise AI apps","Data connectors, Vector search, Workflow visualizer","SaaS","Enterprises, Ops Teams","Rising","https://stack-ai.com","Helps enterprises build agents and RAG pipelines without writing code, focusing on data security.","Evaluate"
"Botpress","Agentic","Next-gen platform for building LLM-powered bots","Visual flow editor, Built-in emulator, Model flexibility","Freemium / Usage","Developers, Agencies","Core","https://botpress.com","A mature platform that has pivoted to prioritize LLM-native agent development and deployment.","Use"
"Devin","Agentic","The first fully autonomous AI software engineer","Coding, Debugging, Deployment, Planning","Usage / Enterprise","Engineering Teams","Core","https://www.cognition-labs.com/","A landmark in agentic AI, Devin can handle entire engineering projects from end-to-end autonomously.","Integrate"
"Windsurf","Agentic","The world's first agentic IDE by Codeium","Context-aware, Autonomous coding, IDE integration","Subscription","Developers","Rising","https://codeium.com/windsurf","An IDE built from the ground up to support an agent that works alongside the developer with deep codebase context.","Evaluate"
"Salesforce Agentforce","Agentic","Autonomous AI agents for CRM tasks","CRM integration, Customer service, Sales automation","Enterprise","Sales & Support Teams","Core","https://salesforce.com/agentforce","Salesforce's big push into agents that can resolve customer issues and manage leads without human intervention.","Integrate"
"Harvey AI","Agentic","AI agent platform for legal professionals","Document review, Legal research, Regulatory analysis","Enterprise","Law Firms, Legal Teams","Core","https://harvey.ai","A vertical agent focused on the legal industry, trained on massive legal datasets for high-stakes accuracy.","Integrate"
"Intercom Fin","Agentic","AI customer service agent built for support teams","Instant resolution, Human hand-off, Knowledge base sync","Usage-based","Customer Support Teams","Core","https://intercom.com/fin","An agentic bot designed specifically for customer support, capable of resolving most queries instantly.","Use"
"Sierra","Agentic","Conversational AI for enterprise customer experiences","Brand voice alignment, Complex reasoning, API actions","Enterprise","Consumer Brands","Rising","https://sierra.ai","Co-founded by Bret Taylor, focusing on high-quality, reliable agentic interactions for consumer-facing brands.","Evaluate"
"CodiumAI","Agentic","Agentic tools for code integrity and testing","Test generation, PR reviews, Code explanation","Freemium","Software Engineers","Rising","https://codium.ai","Uses agents to ensure code quality through automated testing and intelligent review processes.","Evaluate"
"Lindy","Agentic","Personal AI assistant for administrative tasks","Calendar management, Email handling, Workflow automation","Subscription","Professionals","Rising","https://lindy.ai","A general-purpose personal agent designed to handle the 'busy work' of professional life.","Evaluate"
"Glean","Agentic","AI search and assistant for enterprise data","Semantic search, Workplace knowledge, Internal agents","Enterprise","Large Corporations","Core","https://glean.com","Connects to all company apps to provide an agent that knows everything about the organization's data.","Use"
"LangSmith","Observability","Platform for debugging and monitoring LLM apps","Tracing, Evaluation, Dataset management","SaaS","AI Developers","Core","https://smith.langchain.com","Crucial for agent development, providing the visibility needed to debug complex multi-step reasoning loops.","Use"
"Arize Phoenix","Observability","Open-source AI observability for agents and RAG","Trace analysis, Evals, Embedding visualization","Open Source / SaaS","MLOps Engineers","Rising","https://phoenix.arize.com","Provides deep insights into agentic traces to identify where reasoning breaks down.","Evaluate"
"AgentOps","Observability","Observability and monitoring for AI agents","Tool tracking, Session replays, Cost monitoring","SaaS","Agent Developers","Rising","https://agentops.ai","A specialized observability tool focusing specifically on the unique challenges of monitoring autonomous agents.","Evaluate"
"Pinecone","Data/Vector","Vector database for agent long-term memory","Serverless, Metadata filtering, High-performance search","Usage-based","AI Developers","Core","https://pinecone.io","Essential infrastructure for agents that require persistent memory and efficient retrieval of knowledge.","Use"
"Weaviate","Data/Vector","Open-source vector database with multi-modal support","Hybrid search, Modular architecture, Cloud/Local","Open Source / SaaS","Developers","Core","https://weaviate.io","A popular choice for providing agents with a retrieval-augmented generation (RAG) backend.","Use"
"Mem0","Data/Vector","The memory layer for AI agents","User personalization, Long-term memory, Contextual recall","Open Source","Agent Developers","Rising","https://mem0.ai","A specialized layer designed to give agents a 'memory' that evolves over time based on user interactions.","Evaluate"
"BabyAGI","Agentic","Minimalist task-driven autonomous agent script","Task prioritization, Autonomous loops, OpenAI/Pinecone","Open Source","Researchers, Enthusiasts","Experimental","https://github.com/yoheinakajima/babyagi","A seminal project that inspired much of the current autonomous agent movement with its simple loop logic.","Phase-Out"
"AutoGPT","Agentic","Original vision of an autonomous AI agent","Self-prompting, Internet access, File management","Open Source","Hobbyists, Developers","Experimental","https://github.com/Significant-Gravitas/AutoGPT","One of the first viral agent projects that demonstrated the potential for LLMs to work towards goals independently.","Phase-Out"
"Skyvern","Agentic","AI agent for automating browser-based workflows","Computer vision, DOM interaction, Browser automation","Open Source","Automation Engineers","Rising","https://skyvern.com","Uses a unique approach to browser automation by 'seeing' the page like a human, making it more robust.","Evaluate"
"OpenAI Agents SDK","Agentic","The official high-performance multi-agent framework from OpenAI","Provider agnostic, Handoffs, Context variables, Tool calling","Open Source","Developers, Enterprises","Core","https://github.com/openai/openai-agents-python","Replaces Swarm as the production-ready standard for OpenAI-native multi-agent orchestration.","Use"
"Letta","Agentic","Stateful agent framework with persistent long-term memory","Self-editing memory, Tool-use, LLM-OS architecture, Multi-user support","Open Source","AI Researchers, Developers","Rising","https://www.letta.com/","Formerly MemGPT, this framework enables agents that remember interactions across months and years.","Evaluate"
"Phidata","Agentic","Build AI Assistants with memory, knowledge, and tools","SQL storage, PDF search, Assistant UI, Python-first","Open Source","Developers, Data Scientists","Rising","https://www.phidata.com/","A lightweight and intuitive framework for building production-ready assistants with full-stack capabilities.","Use"
"Wordware","Agentic","A full-stack operating system for building AI agents in plain English","Natural Language Programming, Visual IDE, Rapid prototyping","SaaS / Usage","Domain Experts, Product Managers","Rising","https://www.wordware.ai/","Allows non-technical experts to build complex agentic workflows using structured natural language.","Evaluate"
"Factory","Agentic","Autonomous droids for automating the software development lifecycle","Feature engineering, Bug fixes, Refactoring, CI/CD integration","Enterprise","Engineering Teams","Core","https://www.factory.ai/","Provides specialized 'Droids' that act as autonomous members of a software engineering team.","Integrate"
"Tessl","Agentic","AI-native software development platform based on specs","Spec-driven development, Automatic implementation, Drift detection","SaaS","Developers, CTOs","Rising","https://www.tessl.io/","Reimagines software engineering where developers maintain specs and AI agents maintain the code.","Evaluate"
"Poolside","Agentic","Foundation models and agents built specifically for software engineering","Custom base models, Autonomous coding terminal, Cloud IDE","Enterprise / API","Software Engineers","Rising","https://poolside.ai/","Developing a vertically integrated stack for AI-SWE, from specialized models to end-user coding tools.","Evaluate"
"Cursor","Agentic","The AI-native code editor built for pair programming","Codebase indexing, AI chat, Inline edits, Agentic terminal","Freemium","Developers","Core","https://cursor.com/","The current industry leader in AI-enhanced IDEs, featuring deep codebase context and agentic features.","Use"
"Zed","Agentic","High-performance, multiplayer code editor with AI integration","Extreme speed, GPUI rendering, Collaborative AI, Model agnostic","Open Source","Performance-focused Developers","Rising","https://zed.dev/","A lightning-fast editor that treats AI as a first-class citizen with a focus on developer productivity.","Evaluate"
"Langfuse","Observability","Open-source LLM observability, analytics, and evaluations","Trace spans, Prompt management, Cost tracking, Evals","Open Source / SaaS","AI Engineers, DevOps","Core","https://langfuse.com/","A comprehensive alternative to LangSmith for tracking and improving agentic performance in production.","Use"
"HoneyHive","Observability","Evaluation and observability platform for AI agents","Automatic eval generation, Trace analysis, A/B testing","SaaS","Product Teams, AI Engineers","Rising","https://www.honeyhive.ai/","Focuses on the 'evaluation' piece of the puzzle, helping teams build confidence in agentic behavior.","Evaluate"
"Portkey","Orchestration","AI Gateway for managing, observing, and scaling LLM apps","Load balancing, Fallbacks, Caching, Unified API","SaaS","Enterprises, Platform Teams","Core","https://portkey.ai/","A robust control plane for AI applications that provides observability and reliability across models.","Use"
"E2B","Orchestration","Secure cloud sandboxes for AI agents to run code","Code execution, File system access, Analysis environments","Usage-based","Agent Developers","Core","https://e2b.dev/","The essential infrastructure for agents that need to safely write and execute code in a controlled space.","Use"
"Qdrant","Data/Vector","High-performance, production-ready vector search engine","Quantization, Filtering, Distributed architecture, Rust-based","Open Source / Managed","Search Engineers, ML Engineers","Core","https://qdrant.tech/","A leading vector database known for its performance and advanced filtering capabilities in RAG systems.","Use"
"LanceDB","Data/Vector","Serverless-first, embedded vector database","Zero-copy, Disk-based storage, Serverless, SQL support","Open Source / SaaS","Mobile Devs, Python Devs","Core","https://lancedb.com/","An innovative vector database that can run inside your application with no infrastructure overhead.","Use"
"Chroma","Data/Vector","The AI-native, open-source embedding database","Simple API, Fast local setup, Multi-modal support","Open Source","Researchers, Indie Hackers","Core","https://www.trychroma.com/","The go-to choice for developers who want a 'just works' vector database for their local AI projects.","Use"
"Milvus","Data/Vector","The world's most advanced open-source vector database","Petabyte scale, Cloud-native, High availability, GPU support","Open Source / Managed","Enterprise AI Teams","Core","https://milvus.io/","Built for massive-scale vector similarity search, used by the world's largest AI organizations.","Use"
"Helicone","Observability","Open-source LLM observability and cost management","Proxy-based, Real-time metrics, User tracking, Custom properties","Open Source / SaaS","Developers, Founders","Rising","https://www.helicone.ai/","A lightweight, high-performance proxy for logging LLM requests with minimal latency overhead.","Use"
"Julep","Agentic","The stateful platform for building AI agents","Built-in memory, Tool management, Multi-step workflows","Open Source / SaaS","App Developers","Rising","https://www.julep.ai/","A platform that simplifies agent development by handling state, memory, and tool-calling out of the box.","Evaluate"
"Burr","Agentic","Framework for building stateful applications and agents","State machines, Tracing, Visualization, Persistence","Open Source","Python Developers","Rising","https://github.com/dagworks-inc/burr","Focuses on making agentic logic 'inspectable' by modeling it as a state machine.","Evaluate"
"Coze","Agentic","Next-gen AI bot building platform for everyone","Low-code, Multi-channel, Plugin store, Integrated memory","Freemium","Creators, Business Users","Rising","https://www.coze.com/","A user-friendly platform by ByteDance for building and deploying complex bots across social apps.","Evaluate"
"OpenAI Assistants API","Orchestration","Managed service for building AI assistants","Built-in RAG, Code interpreter, State management","Usage-based","AI Developers","Core","https://platform.openai.com/docs/assistants/overview","OpenAI's official API for building agents with integrated tools and persistent threads.","Use"
"MCP (Model Context Protocol)","Orchestration","An open standard for connecting AI agents to tools and data","Universal connectors, Standardized API, Open ecosystem","Open Standard","Tool Builders, Agent Devs","Rising","https://modelcontextprotocol.io/","A revolutionary protocol from Anthropic that allows agents to instantly connect to any data source.","Integrate"
"LangServe","Orchestration","Deploy LangChain runnables and chains as a REST API","FastAPI integration, Input/Output schemas, Streaming support","Open Source","LangChain Users","Core","https://github.com/langchain-ai/langserve","The standard way to turn LangChain and LangGraph logic into production-ready web services.","Use"
"Weights & Biases Prompts","Observability","Tools for visualizing and debugging LLM workflows","Trace visualization, Evaluation, Prompt versioning","Freemium / Enterprise","MLOps Engineers, Researchers","Core","https://wandb.ai/site/prompts","An extension of the W&B platform specifically for monitoring and improving LLM interactions.","Use"
"LlamaIndex","Data Layer","Data framework for LLM applications to ingest, structure, and access data","Data connectors, Engines, Query interface, Agentic RAG","Open Source","AI Developers","Core","https://www.llamaindex.ai/","A critical library for providing agents with a structured interface to private and heterogeneous data sources.","Use"
"DeepLake","Data/Vector","Database for all AI data: vectors, images, and audio","Tensor storage, Data versioning, Serverless, Multi-modal","SaaS / Open Source","Deep Learning Engineers","Rising","https://www.deeplake.ai/","Goes beyond simple vectors to store and version complex datasets for multi-modal AI models.","Evaluate"
"pgvector","Data/Vector","Open-source vector similarity search for PostgreSQL","IVFFlat indexing, HNSW support, SQL integration","Open Source","Backend Developers","Core","https://github.com/pgvector/pgvector","The essential extension for teams that want to keep their vector data within their existing Postgres DB.","Use"
"Braintrust","Observability","The enterprise-grade platform for AI evaluations","End-to-end evals, CI/CD for prompts, Performance tracking","SaaS","Engineering Teams","Rising","https://www.braintrustdata.com/","A high-stakes platform for teams that need rigorous testing and verification of their AI agents.","Evaluate"
"Patronus AI","Observability","Automated evaluation and guardrails for LLMs","Hallucination detection, Safety checks, Enterprise benchmarks","SaaS","Compliance Teams, AI Engineers","Rising","https://www.patronus.ai/","Specializes in catching hallucinations and ensuring AI agents adhere to safety and brand guidelines.","Evaluate"
